author,rating,review
FortniteAnOg,5,This game is really fun I lag a lot
kingsa123,5,I love the game
iFlyyyV2,1,So fortnite is a good game but you just need to fix it already
toxic/cris,1,Dosent let me update the game idk y but fix that plz
KillaJoeKush,1,Epic every single update on fortnite there are consistent problems. My girlfriend is always getting crashed out of a game . Secondly I hate how you guys have Mobile players matched up with Input Block . How do you see that as a fair game it is not they build way to quickly compared to Mobile . Please fix your game . I donâ€™t understand how you guys always have consistent problems with the game ... PLEASE AND THANK YOU
Stormhouse808,5,Bruh can you not add switch and controller players on mobile severs can you just keep it pure and stick with just mobile players please you know there are some kids starting to play fortnite would you want to lose those kids and not snake a lot of money
manialidoost,5,Why not for iphone 6 please fix that we need that
jamonte56,5,If any body want to add me on mobile my name is jamonte56 mobile is fye the controls are super good Iâ€™m just donâ€™t like how people bully me for being a default I hate that
instagram youngest_nfl_player,5,Itâ€™s fortnite
yousef king 101/102/103/1000,5,Why
pacioseok,3,I like Fortnite but every time I revive someone I get kicked or build so this a problem and my internet is always connected so I hope you can fix this
TheDaGGer4,5,After I updated Fortnite. Iâ€™m not able to hear a thing. I checked to see if my volumes were down but theyâ€™re all upðŸ˜”
issac.24,5,I love it a lot! No blood or anything so it is isnâ€™t that bad it requires skill and other stuff to play I guess... I donâ€™t have much to say about it but it is the best game ever
sjcvdbms,1,fix the mics asap Its boring without them ðŸ¤¬ im going to get rid of fn if they dont
A0ds,2,Please make it to where people on mobile donâ€™t get into games itâ€™s mobile people who use a controller itâ€™s unfair
coltonnordwall,1,I donâ€™t like having to face fake defaults
xyvonnet,3,whenever I update it crashes right away .
LocOutFelon187,5,You should make fortnite a split screen but other than that fortnite is fine
Mrs. Bayona,1,Always freaking crashing! Stop updating it ! Learn how to fix it EPIC !!!!! No MIC . This game is getting more stupid every update. Smfh!
Gratefulfern640,5,You should fix the lagging and fix the updates being to long and also take out the revolver and pistol ðŸ’–
prxmex,1,When I got Fortnite as soon as I logged on it wouldnâ€™t let me play
Rahkei,2,Itâ€™s a really good game but I requested that they fix the voice chat for mobile players about ten times and it has been down for almost a month. PLEASE DO  SOMETHING!!
tsc master,5,This is the best game ever
Mike123inAV,5,This game is the BEST!!! My son loves it and he is a god on it! Thanks EpicGames keep up the good work!
omar elgadi,5,Please
Bpkillaman,5,"When you are playing and you see the people watching you. It should let you know how many are live watching and when they are watching and not watching. Also it should give the names of people watching and have the ability to express emojis maybe to express how they feel
About certain situations and events through watching."
Jared Oreellana,5,"Hello Epic Games 

    Again, I come to say there is a problem 
So what happened I see that for people who use ACTUAL controls for MOBILE not connected controller or anything like that.
So Iâ€™ll telling you that EVERYTHING is Laggy Iâ€™m guessing people donâ€™t want to tell you anything of whatâ€™s happening but yea thatâ€™s the problem itâ€™s laggy the game is laggy so please fix it....

                                  Your Llama friend"
gavylocuras,5,"Eso de quitar la curaciÃ³n por kill fue lo peor que hicieron ya no tengo ganas de jugar, eso de daba dinamismo a las partidas ahora todos mueren temprano que va daÃ±aron el juego no pienso jugar ya me da pereza"
Cp;â‚¬$,5,when will it be available for iPhone 6?
Simpsons are cool,5,This game does not have blood it is for ages
enamyAC130above,5,Only if I phone 6 and up were able to play it be so much player in every lobby
TrueAzzFac,1,I never have mats anymore and donâ€™t get rewarded for my kills -Dizzy
the bestis one,5,Pls
Lianne Chen,4,"The reason of why I gave it a 4 stars is because, I'm tired of Fortnite logging me out of matches, and yes I play on mobile, I'm not able to afford console, ps4, etc, but please try your hardest to fix the logging out thing, it's annoying and tiring to me, and also another thing is, have you guys fixed the voice chat for mobile players, because it's harder for us to play without communication and all, and we get there's an issue with it, but I hope you finish fixing it soon, that's all I have to say, and yeah, but one of my ltm game modes are; you should add in a Simon Says ltm, where the person who has a mic can be the Simon, while everyone else has their mics disappeared, if one of them did something wrong; you kill them, and then they could spectate you, anyways, thank you for reading this.
                        Love, Fortnite Mobile Player."
ano bs,1,I cant download it on my iPhone 6
jlakotaj8,3,lately voice chat is been disabled and I thought the recent update would fix it but voice chat has been disabled for over a month now and some players have it back from the recent update but I still donâ€™t have voice chat back!!!
cloudâ‚¬Â£Â¥11,1,I wonder why epic keeps ruining the game everyone liked it when you got health when you eliminated someone but now you get nothing and they added this thing in the game where itâ€™s like a rectangle box and thereâ€™s a white and red line and the white line is how high you ping is and the red line is the lag and since they added that in I canâ€™t play without WiFi and I did that cause I wouldnâ€™t lag but now when I lag I canâ€™t play the game so read this and start adding the things the you took out of the game
GHOST. DREW,1,"Out of nowhere Crashes, In the middle of my game during a fight. Really epic?, it happened to me 20 times right after the update. Come on Epic!"
sganshshvwh,1,They took out the mics on mobile and every season it gets even more laggy it was fine until epic trashed everything
LigmaIsNinja,1,Jdydndndjdbdndbd.  Lag      Updates.      Loading tims
GNinja_YT,5,My only issue with Fortnite is when I join the 1st match after starting the game because it freezes in the loading screen.
Trustab1e,3,Apex is the new Fortnite.
manandroc,5,Fortnite is the best game but when I update it a day ago it updates AGAIN.But after all I have a lot of fun with friends.
Brady riverhunter,1,There are people with a higher advantage than regular players they have it better then regular mobile players so people have a harder time you guys should put them in Xbox lobbyâ€™s because in my opinion Xbox doesnâ€™t have as much sweats.Or you guys should put them in lower tier console lobbyâ€™s. And nerf bunny hops because in the lava mode it will just ruin the game.p.s add stretch Rez to console and mobile :)
its_destiny,5,I love this mobile game itâ€™s the best and you get to play with a list of people and your friends
Mr.Shadow Fan number 1,3,La resoluciÃ³n es mala y para el iPhone XR ya no es lo mismo porque corta la pantalla y antes no
bahavegejevvrgd,5,Cooolioppo
rudxxftaba,1,"Esta actualizaciÃ³n me dan ganas de romper mi mÃ³vil espero que vuelva la actualizaciÃ³n pasada, hoy asta decepciÃ³n me da ver este juego y la el dinero que e dejado por favor hagan algo no den mas pena."
mark daser,1,Fortnite should be available for all devices not hand selected please fix it
mobileistrashforever,1,Why is it going to be mobile Fortnite if everyone uses control for easier wins
4kmj._,2,"Iâ€™ve been playing on Fortnite mobile the day I received an invite over a year ago and Iâ€™ve came a long way as far as skill wise . But I have been having some issues about my frame rate on my device, it drops suddenly and then suddenly I receive a slightly higher feeling frame rate , possibly even past then what my device can support (20-30FPS)it seems to me my frame rate skips around and doesnâ€™t stay optimized . Sometimes I also suffer a game winning elimination due to the game freezing for up to 1-2.5 seconds . Iâ€™d like to know if you all have other players suffering the same problems using the iOS device I phone SE . If so please give this a fix! Thankyou in advance."
What's Up Losers!ðŸ’©ðŸ™Š,4,I love this game. It is just soooooo addicting! I recommend this game to anyone who hasnâ€™t tried it. It is so fun! And plus you get to play with your friends! The only bad thing is that I want Fortnite to work with IPOD Touches! PLEASE! I love the game and I would play a lot more only if the creators made Fortnite work with IPOD Touch. Iâ€™m begging you! Please!ðŸ˜­
hihihhihihihihihi,5,Because Iâ€™ve been waiting for a iphone skin for a Long time and it will be appreciated greatly ty <3
gcjschdc,3,"You banned my friend 1ongshot for five days.
And he says he doesnâ€™t know what he did.
I think because he was lagging fortnite is just going to ban
Him!ðŸ–•ðŸ–•ðŸ–•ðŸ–•ðŸ–•ðŸ–•ðŸ–•"
cjckubs,1,"This game made me rage so much because all the players on my team are garbage and are bots and the other team is try hards, all of them and the score in team rumble was my team 53 and there team 100!"
Skye-_-,5,Can you guys please add fortnite to ipod too
what_is_up,4,It lags the Iâ€™m in final 2
yo mom loves me,1,Your gay
nighttimejap,3,L
Valbuj,3,"Like mobile fortnite i love playing it m, the problem is that it takes too much space and makes me delete stuff for 100 gigabytes but the number stays the sam for the update, pleas make it smaller and fix the numbers"
Luis Ramirez Jr,5,Un juego excelente muy buenos
jjjjjjjiiiiiiimmmmmmmyyyyy,3,I think that fortnite should be on all the things that they canâ€™t run on
Unknown Baked Potato,5,"Fortnite is awesome and bananas taste better than my baba sitter. Ahem, baba sitter is tastier than bananas."
rhyryh(sy,4,"Fortnite on mobile does not support iPad mini 2â€™s, Why I donâ€™t know, all i know is i love this game its soo fun and when i saw it came out on mobile i was so happy because i could finally play more, mostly because me and my brother (i am older) have only one PS4 and we have to switch every match and sometimes he complains because he would die immediately or he would rage and not give me the remote then we get into a fight, and then our mom or dad would just take away the remotes and ground us, but thats not the point, the point is i just want to be able go play more so pls Epic Games if your are reading this please try and make it available on iPad mini 2â€™s and pls give me i response so i know you at least tried 

-Fellow Fortnite Player

P.S. The new floor is lava game mode is awesome you should make it a permanent mode"
lopoly,5,I really love this game.Because itâ€™s easy and fun to play.I have two T-shirts of the game.My name is Aysha.If you want to play with me try Ayays1234 please.
Timothysucks247,1,Today when I lagged someone killed me and it is not fair cause I cannot see and move
Kawaiijenny,4,"This game is great to play but for mobile players lag is just all around, our pings are usually high up in the 90â€™s and somethingâ€™s the 2 hundreds. If you can fix this for mobile players that would be great. Thanks Epic."
Gavin Craig,5,Iâ€™m tiered of updating it 100 times.it isnâ€™t good for you.my name is on fortnit... is thefisherman2012
_htx_t_,2,"I donâ€™t know why  the voice chat on mobile doesnâ€™t work, and it really irritates me because I canâ€™t talk with my friends. I tried everything, even contacting epic games but I get no answers pls someone help"
Lillucia08,5,You guys added the xbox controller and i think it would be better if you guys also added the PS4 controller.
princessxxsarah,3,"iâ€™ve been playing fortnite since the release of fortnite mobile. the lag wasnâ€™t bad when it first came out. as the game progressed and new seasons came out the lag got way worse. i play on the newest iphone and the lag shouldnâ€™t be at bad as it is. when iâ€™m in a match i get a little wifi symbol with a red or yellow x and or a yellow arrow. when iâ€™m in a match my game lags so bad where i cant take a step without my game really lagging. if the lag is really bad which most of the time is it, my game crashes. iâ€™ve watched endless videos of how to stop the lag and nothing has worked. please fix this issue."
Shakki03ðŸ’œ,5,Fix voice chat Fix voice chat Fix voice chat Fix voice chat Fix voice chat Fix voice chat Fix voice chat Fix voice chat Fix voice chat Fix voice chat Fix voice chat Fix voice chat Fix voice chat Fix voice chat Fix voice chat Fix voice chat Fix voice chat Fix voice chat Fix voice chat Fix voice chat Fix voice chat Fix voice chat Fix voice chat Fix voice chat Fix voice chat Fix voice chat Fix voice chat Fix voice chat Fix voice chat Fix voice chat
sir potato lord,5,I was wondering if you could add guided missiles in creative mode?
sksksk its adriana,5,Welp for me I review this as a five but in all I like the game because their are different games to play in fortnight and u can meet or talk to ppl (people).The only thing I donâ€™t like is that their are Child predators on this game.
pizzawolf115,5,My game is not updating
GBO CookZies_YT,5,Epic I would like you to fix this glitch Iâ€™m having lately when I place stairs and then I place a pyramid in front of me and edit it edits the floor itâ€™s also a thing pc do and it works just fine on pc but mobile it does not I really want you to fix like when I build stairs than I place a pyramid in front and than I edit through it edits the stair under it please fix it and also when I edit floors and pyramids on the bottom it edits the floor than i try editing the pyramid and it edits the floor instead fix that please!
swiftyboi05,2,"It annoys me that you have to update it in the App Store, and then update it in the app and it take longer to update. It also wonâ€™t update if you have the app closed. It just disables me from playing on mobile when I want to play while Iâ€™m out. Please fix this it really annoys me."
sharky123456789 team10 ohio,5,i love Fortnite because they let me play with me dad from far away and they let me talk to my dad to and you can play with friend and your family like me dad
flores_money,1,"This week is the worst update ever you still can chat in your game and when you land itâ€™s a glitch you can't do anything but walk FIX IT. You think you fixing the game or making it better but sometime they donâ€™t do help just make the game worse. Why would you add something that really help the game like the 50 health when killing someone, that everyone got used to and than take it out making it the game worse AGAIN. You trying to make the game good but their is nothing that was fixed when I play today."
fortnitesucks17722894,1,Fortnite is such a bad game so many hackers I have nightmares over it beacause itâ€™s so bad
Vnkhjjhkkjhhbjkkhbj,1,I know this review will be deleted because all my bad reviews do but this game is super buggy between the pick axe not doing damage to anything or vc being disabled for a month because they are brain dead I mean they had a small problem with some people mics mine was fine my friends wasnâ€™t they fixed it and now there all broken I mean there either stupid or donâ€™t care also health/shield per kill was a great idea who ever came up with that deserves a raise because when I land tilted I usually get in 3 fights back to back and and now I always lose I might win the first 2 but when Iâ€™m 17 hp no shield thereâ€™s not much I can do bring back shield per kill and fire the moron that got rid of it
Kevin was here12093,2,The game would be better if you guys would put the mic on the game back because it would be harder if your playing squads you wonâ€™t know where people might be and you wonâ€™t know when to push
ShhsjalLuxis,1,To many updates and they take FOREVER!
Radi0_Flyer7,5,"This game is so good, and I definitely want to see what else they put into the game after season 8!! Keep up the good work epic games!"
Oheckyabro,1,I canâ€™t believe they took the materials and health away from kills. Worst thing theyâ€™ve ever done. Itâ€™s TERRIBLE.
Yisusze,3,Ya lleva como 15 dÃ­as que el voice chat no funciona y pues estÃ¡  bien culero no poder mentar madres con tus compas ni tener una mejor tÃ¡ctica por no poder hablar entre nosotros
juyffnhfejnffdeoijfbdfjk,5,Itâ€™s the best game ever!
soy_mencho,5,Keeps logging me out and asking for my password every 5 mins Iâ€™m outta here
MEKYIELBOSS22YT,5,ALWAYS KILLIN BIG BOTS YO ITS DA BEST GAME EVA
O225,5,Very good game
brudjdhfufh,3,The game graphics updates are awesome but lags when Iâ€™m trying to move it like pushes me backwards I hope it improves. And also when I try to open a chest thereâ€™s no button so I can only pick up items on the floor
Anas Quaba,5,So amazing
wwechampionfinnbalor,5,"I love Fortnite but I get kicked out of the game when I drop out the battle bus. 

EPIC GAMES PLEASE FIX THIS.

Also fix ur stupid jumping"
Eric shino,5,It tells me to pay a bills and I only bought 4000 v bucks
fortnite HELP NOW BEFORE UGH,5,Since I play mobile u still canâ€™t put on your mic ?? Like when are u gonna fix that Fortnite??
psycho bug 310,3,Plsssssssssssssssssss
savege player,4,Hi epic games just wanted to let you know that I have a iPhone six and I really love your game but I cannot play it can you pls make fortnite on the 6 thx let me know Iâ€™m waiting so long pls do it
MissReapin,4,"Needs to fix voice chat, kill/players display, chests near volcano area and friend request. Voice chat hasnâ€™t worked for awhile now. The kills and how many players alive is merged together so it hard to tell how many players are left. Most of the chests around volcano and ship wonâ€™t let you open them. The friend request icon disappeared since recent update. Love the game though â¤ï¸"
Just Aydin YT,5,I personally play pc go sub to me at Just aydin On youtube but overall for a mobile game is solid
unkwown person,1,"first of all fix the mobile mikes, you said in the patch notes you were gonna put mobile mikes back for iOS but u didnâ€™t because u donâ€™t like your mobile fans. and also fix my freak8ng lag because lag just ruins everyth8ng and also give other iOS devices better quality so people can enjoy the game more and give iOS more FPS so they could have more fun."
hbfveisbd,1,For Xbox and Nintendo it wonâ€™t let me log in
momoðŸ‘‘ðŸ‘‘ðŸ‘‘,5,"I love this game so much I just think that you should make every person there own creator code or like let them get into games without have the input thing for different devices 
Other whose game is great"
HoagieBun65,4,After the announcement which started the mic on mobile will not be working. After the latest update you states]d that mic on mobile would be back but recent ally I am having trouble communicating and using the mic to talk with  my teammates. Please fix
Davidhgfykbg,4,It is a cartoony game
im goattt,5,itâ€™s a good game just the updates
arpangurung,5,How old iPhone 5s could play Fortnite because I have a iPhone 5s I really want to play Fortnite please epic game iPhone 5s play for fortnight
brialdoX,5,I really like playing this on my ps4 but I want to know how to play this game on my iPad 3 but I canâ€™t please epic let iPad 3 play this as well. :(
lkkjkg,4,Good game but also hard. Controller better. I love the game more on controller. Bad looking. Not the same as th oraganal
NikeisSocoo123,5,It so much fun you shood get it
ihiijhjd,5,I donâ€™t have a ps4 or Xbox and the lag is real but I support fortnite
christian708369,1,Supposedly the mic has been fixed but i still canâ€™t hear no one fix this now
yggyggty,5,My name is 0987654321con now give me hacks
KingJuan16,1,Donâ€™t get this game itâ€™s the worst and thereâ€™s hackers and bugs that make you glitch of the map
Nico00000000000001,3,Itâ€™s a very fun game if you play on a fast devise like one of the newer smartphones or an iPad but if you play on an older phone it is too slow and almost unplayable
UrBoiBennn,4,"Iâ€™ve had Fortnite on my phone since season 5 and Iâ€™ve been playing Fortnite since season 4. I love the game, but I would like to have some other features such as requesting friends to invite you if they have a private lobby or when they have a full party, allowing certain people to join and others for you to invite, glider redeploy in playground instead of gliders, an LTM that has glider redeploy, etc. This would be my favorite game ever if those were to happen. My favorite game right now is ZombsRoyale.io. I recommend playing it because itâ€™s easier and there are not updates every single week."
RubyJawa,2,I canâ€™t do hear or talk to any of my friends like before
iggyis,1,When are mobile mics coming back
KALEBANTSAVAGE,5,"Fortnite, epic games please somehow make the updates to where we donâ€™t have to wait on the same screen all the time, Iâ€™m a pro mobile player and I donâ€™t want to sit on my phone that has many messages being sent to me while Iâ€™m stuck in a screen. If you go off this screen it will glitch out and bring you back 30 units of the update such as if I was a 230.88 and I click off for  a minute and then it would be way at 199.50 or so . I love the game thought keep up the good work... and also please change the update screens on mobile. Because they are old and watching the pictures of season 2 and 1 and stuff is rlly boring since we are far pass that, no lie I do miss those seasons itâ€™s just that you should make them better... you already have enough control training so itâ€™s fine...the controls are awesome idk what others are talking bout"
Bot*,1,My pump dose 30 damage close range
OrangeLover928,4,"I looooove this game. Just on suggestion: PLEEEEEEAAASE MAKE BASEBALL SKINS! Iâ€™m a ball player and would love it!
I hope this will soon be an addition to the game an I think thisâ€™ll make a bid difference in the games popularity. THX fur reading! PEEEEEEAAASSSSEE!"
fabuols,5,Fortnite is fun and addicting
Rich_R1ch4rd,5,"Hello, Epic Games. So far I have been enjoying your game that you and your company have established for the world to experience! I just wanted to let you know that you guys are doing a great job! Keep up the good work!ðŸ‘"
uwususudususu,5,Yes best best best best yes game ever is my brothers love it One of my brothers is 10 and heâ€™s the best at fortnight totally get this game!
djgwitojynklervqjnoferq,5,I love this game is so fun  my fraviote  game mode is creative
Vlonezy,5,I think you guys should make a billy bounce emote with the music for 800 vbucks with the music. Im looking forward to this thanks
Fart out of the anus,5,There is one problem is that when I fart I jump and rpg myself and die
Kabhuahha,4,When are you going to give back mics for mobile
samherb7,5,Itâ€™s an amazing game it logs me out every once in a while but the key is to not get stressed and log back on also itâ€™s very fun too play with friends
Five star Jayhawks,1,I canâ€™t sign into my account that I have had since season three with over 110 dollars spent on it. THIS UPDATE IS THE WORST POSSIBLE. Snipers no longer hit at all. Building is no longer a thing. And shotguns donâ€™t work better off playing PUBG where physics of a shooting game work. Fortnite mobile hasnâ€™t been considered improving for ever. EPIC STOP PAYING ATTENTION TO EVERYTHING BESIDES MOBILE. Epic games stop making bad updates for mobile only. THANKS EPIC FOR A BAD GAME
hhhsnaiwndfj,5,This is the best game I have ever played I usually play on pc and it is really fun. I love you Fortnite!!!
virtaul games,4,You should be able to play with the people who have the same type of phone as you because if the people with better phones get better FPS they can shoot faster and play the game easier but we are stuck on 30 FPS
Angie in Cali,5,I love this game
brianna the cat,5,It is gooooooooooooooooooooooooooooooooooooooooooooooooooooooooooooooooooood!
JLO-05,4,The thing I donâ€™t like is that I want to gift my skins not buy them and have a option to gift them oh and on mobile sometimes when I load to a game it loads but when itâ€™s done I get off at the end of the map VERY END!
LBJ=GOST,3,"I am astonished that epic cannot find a way to improve mobile. They took away voice chat about 2 weeks ago due to stability issues. Well they finally â€œreactivatedâ€ it but when I get on excited to play with my friends on fortnite again, I canâ€™t hear them, and they canâ€™t hear me. I tried editing my audio in settings for fortnite but nothing worked. So even though they said voice chat was back, it really wasnâ€™t. And some of my friends who play on mobile too, experienced this problem as well. Please add voice chat back or I will delete this app and find another game I game can play with my friends on."
nvcgbiuji,5,Best game ever
Tic Toc Furry,5,I think itâ€™s a fun game for kids but sometimes people get angry from dying and say bad things so theyâ€™ll get in trouble but the rest is fine
kaiden1223,4,Take Nintendo out the game they are destroying people on iOS
Kalkabutt,4,Love the game but crashes a little to much. Also the getting into the game is a little slow
blibby bobby,4,"If you just got this game donâ€™t play it to much or it will become boring. By the way epic, make every thing back to season 1 plz I would love that"
zainm1020,5,Heeeeeeeereeeeeelllllllllllllll!!!!!!!!!!!!its good
Rese_YT,1,We should have a free starter pack skin for playing Fortnite mobile yâ€™all have one to. Xbox ps4 so donâ€™t you think we should get a skin to like you gave them a skin
nickjonas2034,5,So is someone gunna fix the none mic on mobile players and how much lagging it does
King_Kong132,5,Can you fix the shotguns because every single time I shoot it does like 32 damage on the head. I hit like 22 too. This game is so trash. Why would you release it if it isnâ€™t ready. This game is so trash. Unreleased this game. Fix everything then release it. once again it it trash. Iâ€™m quitting.
sosdude,4,Fortnite all night battle royal in the moonlight
that boy geo,5,"Your game is so fun and I just wanted to tell you my friend has been teaming with enemies 
And I want you to banned him please"
Dead Shadow23564665,5,I love it but recency I got a xbox and ether way it is fun if you are traveling  and the controls are not ridiculous hard to handle in all great job and if epic games reads this there is one skin I want it is Black Knight my gamer tag is Circuit37 if I ever see it in my locker I will spread the word Fortnite is the best
alexa urenda,5,The reason this game is good because you could meet people that you donâ€™t even no before but it could  be dangerous but at least your trying something new. The only thing is bad is spending money on v buck which you should of have save the money for college
errdydfh,5,Messssesssss
ðŸ’ŽðŸ’´ðŸ’³ðŸ’µ,5,The best game ever Iâ€™ve ever played in my life
wow!!!! :/ :(,1,There are too many updates in this game and the worst part is that you need to update it in the App Store then you have to update it in the game!!!!!ðŸ˜¡ðŸ˜¡ðŸ˜¡ And now it wonâ€™t let me update it anymore ðŸ˜¡ðŸ˜¡ðŸ˜¡
scullnight,5,This is a well one of the best games ever better than minctaft
Ninja manic,1,This game I love the game not gonna lie but epic really messed the game up because on our end the game has a lot of bugs and glitches as well that voice chat got disabled itâ€™s been worse because we canâ€™t communicate with our console friends and pc so really this game is in a bad shape right now as well as adding switch players and they calling us easy so I hope epic sees this review and really think how the game is
acutebasilisk88,5,Hey itâ€™s me acutebasilisk88  and I love fortnite but I donâ€™t like how you guys removed getting shield when you kill someone and mobile players have to play with Nintendo switch players and when I want to play on mobile I get killed easily because of the switch players but otherwise I love fortnite. (After a minute) oh and also I dislike how you cannot have the same account on the same console because I broke my switch so now I canâ€™t use my Kingteran account and now Iâ€™m V9999999999999 I would love if one day I get my account back on switch.
Rosendo Roybal Jr.,3,The game is alright
jdsjeijd,1,Plz Bring back the shield and mats for kill
davidmhif,5,Give me a skin YouTube channel is davidgamer298 plz sent me a email if you made one
Gonesome,5,Fortnite is a good game.When I play I can meet many friend and talk to them across the world.Fortnite is a good game but there just need to bring the gun that we want back and make more cool skin!I always enjoy playing it but I donâ€™t play that much and hope Fortnite can get more stuff!
SonictheHedgehogFan2004,5,"Really a great adaptation of the game for not-so-wealthy people, the graphics donâ€™t bother me, but every time thereâ€™s a new update, I have to reinstall the game, which messes up my controls and stuff. But I have come to live with, it so itâ€™s ok."
Master_Haseeb,5,I have been playing this game for 2 years and it has been the best and I rate it five stars and no bugs at all in this game
Mr beluga whale21,5,This game is better than pubg I use to play it but then me friends told me fortnite is better and IT IS BETTER pubg is a dum rip off of fortnite even though I am a noob I started at season 7 and now it is season 8 but This game is fun and fun to play with my friend sometimes when I play a match iT takes for ever to load but then I check my wifi and then fix it after it works this is a really fun game to play
green$*)(,5,"So I like it but make it easier to build and shoot u have to double tap and dat massed up

And when I fire msg or something I canâ€™t hold I got to double tap!

And the mic problem fix it I canâ€™t talk to my friends anymore."
yhyhuend,3,The controls are not working
Puglover254,5,"This game is probably one of the best games Iâ€™ve played so far, but itâ€™s just missing one thing, replays. Itâ€™ would be great pretty cool if you added replays. The game is so great, itâ€™s just missing that."
isaacq call me daddy,1,Yâ€™all should add iPhone 6 to play because I have one and itâ€™s so bad yâ€™all should really work on that so yâ€™all should add it on there
puppy lover85,1,Ok stop the bad game
MrTurtleYvNg,5,So Other games on IPhone X or all the way down to iPhone 6 atleast have around medium graphics and I want that on Iphone6s because all I see are big blodges on the map please better graphics
bbbbyghhg,1,Would not recommend downloading until microphones are fixed
babylol1399,1,Ummm I used to always talk to friends and now I canâ€™t it is very boring and a lot of people are quitting this game it starting to succ I spent money on this I WANT A REFUND
sky1dog,5,Yes I was just wondering if the voice chat was fixed for iOS
memphisOSOSIK,5,Itâ€™s a great game but the number one problem is on mobile the waiting is so long and they need to add more pictures to the loading screen.
Sodumbjr,5,"Ok first of all I would like to say I love this game. Itâ€™s just like on PC and console. But I think the main reason this game on mobile is loved is because they actually have optimizations. A customizable HUD, which Minecraft still doesnâ€™t have, came within a few months. We have footstep indicators which makes up for the terrible audio. They care about us mobile players, and that makes the game special."
Dude62783838,1,"Iâ€™m tired of going up against players with pc and controllers. Itâ€™s not fair. you should make an option to where we, as the players, are able to enable playing with pc people when we like."
worried cunsumer,3,"Just....no. The servers are broke, the graphics are horrible and the lag is crazy."
strangeeeerrrr,4,"Please fix the mobile voice chat, itâ€™s really not the same"
pakito3098761,5,Epic games it makes people rage so good ðŸ‘Œ
Jskakajsj,4,"fortnite is one of my most favorite games. it will crash sometimes or freeze. and is the mic back on for fortnite mobile? itâ€™s been forever... :( i wish yâ€™all could add replay because i wanna make some cool edits. but overall fortnite on mobile is awesome. btw add me if you see this, Shiinage âœŒðŸ»"
hhghgybh,4,I wish you had major of the 50v50 styles where you respawn I think those are fun
levilebel,5,I like Fortnite itâ€™s really fun but I play on mobile so itâ€™s kind of slow and the voice chat doesnâ€™t work
lil clips,5,The best
huuuuuuuuuuuuuuuh,5,Itâ€™s a good game just lags a lot and sometimes I would lag to my death. Also my mic wonâ€™t work and I canâ€™t hear nothin. Fix it please.
goodvbut not good,5,I love this game but it takes too long to install and way too many updates but its an amazing game
F0rtn1te313,5,Hi I did send this Review to say Hi thatâ€™s all
0ie081yw,5,Itâ€™s a really great game
mini&insane,3,It wonâ€™t let me buy it when I try to purchase it says you hit a roadblock and we will let you know when purchase is complete Iâ€™ve like waiting for 3hrs.ðŸ‘¿ please fix this
Missjj12345,1,Fortnite is not fun it says thereâ€™s   block every time and I canâ€™t play and lags me out of the games and my lobby so fix that please WITH THE LAGGING and please lower the price for v bucks and donâ€™t make it so har on people sometimes it making people rage and start Swearing and doing bad things that they shouldnâ€™t . And no one is going to side any more that Is sad nature is fun not staring at the tv all afternoon when it is nice out side and now more people are complaining and not studying and getting worse grades. Answer this question whatâ€™s better out side or fortnite .  I hope your answer is outside . Now I play brawl stars a way better game / company.
hiiguyss,5,"Epic I want to know if you can add the umbrellas to team rumble because in solo,Dous,or squads people get nervous and get win so I hope this helps"
Riverlife2016,4,Optimize the game for phones and try to prevent them from crashing. Overall a fun and addictive game!
F0rtn1t3_4_life,5,"I think fortnite is very addicting, but fun too. I really liked 50V50 because you can get challenges done quickly. I would rather have 50V50 more than team rumble. I also liked it when there was also no glider redeploy because if someone is building up it is annoying when they can just redeploy and fly away. I love the way the animations are and it makes it a little more fun when you are just sitting there and drinking a chug jug. I also like that it is cross platform because I like playing with my friends that play on PS4."
niyelite,5,Really great game and its super good but ya know xbox and ps4 and that stuff is better but mobile is still pretty good and people that canâ€™t build fast on mobile thatâ€™s there fault
...silversurfer,3,It takes a fortnight to log in loading screen nightmare
eirjfoerijfde,3,I hate it when I lag first off but nintendo with mobile? Itâ€™s the worst please remove it from mobile
NaggingCobra98,1,"Itâ€™s the same thing over and over again, I started in season 3, and got bored in season 4. If youâ€™re bad, you will always lose, if youâ€™re good, youâ€™ll always win. Nothing interesting ever happens."
juanes8810,3,Arreglen el micrÃ³fono!!!! Horrible jugar con amigos sin poder hablar
Oliverr408,5,This is the best mobile game ever the graphics are amazing and itâ€™s just like playing on pc or Xbox
Adriel8653,4,I like everything in the game but the mic doesnâ€™t work for me so I have to call the person I play with and not use the mic.
a_person_is_here,2,"This game was really fun, until 7.40 to 8.20 is when this game is starting to become hot garbage, I used to get a lot of wins and get some kills, now I just die because of lag, I still like the game but fortnite mobileâ€™s state right now is unplayable whenever I get in a fight I just lag then die, I might switch to console or pc so yeah but if they fix this then I would happily come back and play on Fortnite mobile"
Marshmello9999,5,I give it five stars because I like the action
$usheb,5,Please add the health and shield when ever you kill someone back it really helps with 3rd partying Because you donâ€™t have to worrie about healing
Murtaza Raza,5,Fornite is one of da famous game in da world ðŸ”¥ðŸ”¥
mnbvcxzasdgfhjklpoiuytrewq,5,It is a good game but they are updating the game to much
Fonsi787,1,Fix the Voicechat for iOS already.
jackson holder,5,The thing I have with this you have to update it now very few days or whatever the time is. I donâ€™t like that!!! So Follow me on Instagram at katodd07!!! Thank yall
jouly shedt,5,Es el mejor que visto
alexis n b,5,Fortnite is awesome thx for making it you should put 11+ can play thx omg I loveeeee you â¤ï¸â¤ï¸â¤ï¸â¤ï¸â¤ï¸â¤ï¸
Neverhome,5,I just feel like this game is WAY better on Xbox and pc only being it doesnâ€™t lag as much and the graphics are way better. All you need to do is fix all of the crashing and lagging and make some better graphics. But overall fortnite is my favorite app!!
Yairx218,5,Best
ðŸ˜†â˜¹ï¸ðŸ˜ƒðŸ˜†ðŸ˜†ðŸ˜†ðŸ˜†â˜¹ï¸ðŸ˜†ioqkwkw,5,I love playing this game is so much fun I recommend play with with friends and use the code T5G in the item shop
THICKYRICKY,5,This fun a good game I like getting victories royale but I donâ€™t like when I lag sometimes but I got vbucks and we cool so u should download this game but of all ITS A GOOD GAME!.
Maddy Roses,5,"I wanna talk to my best friend but after they remove the mics I canâ€™t talk to not one on it, and if I use party chat am scared if I might get ban, please fix it

Love, ANÃ¸Ã¸bAtFortnite ðŸ–¤ðŸ‘ðŸ»ðŸ¤ª"
FFORTNITEEEEEE,1,why isnâ€™t allowed on iPhone 6 Plus ? Thatâ€™s really stupid .
MST_Madz,4,So itâ€™s an amazing game itâ€™s Fortnite in your pocket however the constant updates and crashing is getting really annoying what would be cool if it auto updates so you wouldnâ€™t have to wait all that time for an update and the crashing isnâ€™t so bad but itâ€™s not good either sometimes I would be in a game during a build battle and my game would crash it would be a 5 start review but these are some flaws with Fortnite Mobile
Eva The 3rd,3,Iâ€™m always kicked so please try not to make the game lag so much so take out stuff to make it very few.
roblox is the best games ever,5,Is cool
imachickennugget!514,5,I got this game on my phone and I loved it I also have it on my Xbox!it does mess up sometimes  on my phone but its very rare but I absolutely love fortnite and Iâ€™m really excited for season 8!!!i also really recommend it and I love how epic games made it for mobile playersðŸ’•
cat boy 25,4,I wish that there were computer player battle royal because at my house I donâ€™t have good WiFi so myna always lags so I always get creamed and I donâ€™t like it so I wish that that there was computer players in battle royal so could you please make computer players playing against you I know it would be a little easy but I just want it not to be lagging and I donâ€™t have good WiFi because there is a bunch of trees around me so I canâ€™t get good signal at my house and then I could actually get kills and maybe even win maybe just like a mode thatâ€™s there for a limited time and if you do it thank you for doing it but there still could be other game modes to
Killa Kam1017,5,You should always love fortnite and not rage when you die donâ€™t be like peopleâ€™s or thAt donâ€™t dream and just play averyday not saying Ninja and TSM-crew and true  to everybody play sports do something also you should
yEeTyEeT#23,3,I like the game itâ€™s just I hate how it updates every single fricken week and then takes up so much spAcE itâ€™s so fricken annoying so if you guys could cut down the updates I would be real happy. Itâ€™s a good game and I really like it but it just causes so much stress when it comes to weekly updates.
Exotic_error,5,So there pros out they use iPads and fight people with legit phones thatâ€™s not even a skill gap thatâ€™s just completely unfair and another thing is that I lag when on WiFi and when Iâ€™m not on WiFi so how can I play clearly when u get this message please text back anyway this game is good keep up the great work
CLC Janitor Shmorg,5,"My point of view.        
First game of the day: Iâ€™m trash
Next: Iâ€™m a god 
Next: This game is trash"
shockwaveo1,1,I play on the floor is lava and when I use my glider it crashes and kicks me out.
Zyan B,4,"I love the game.. when they had voice chat   :( It takes so long to fix voice chat on mobile, they can add new items and game modes but canâ€™t fix voice chat, which is really annoying. Now we have to use different apps to call and its causing us to lag and ruin our gameplay, so Epic Games, please fix your voice chat"
GavinTheabeastThat,5,Daequan I love you
uyuyuuuyyyyy,5,Epic dose of a lot of glitches in season 8 and donâ€™t listen to what the people want epic should listen to people on Twitter instagrams or redit not just ninja and true like bring back double pump or bring back mostly more not add a volcano to the game
withercool,5,I fun have very lot
shut up bob,4,Epic your games are epic but the only thing thatâ€™s wrong is my child umm I have not told her the â€œtalkâ€ yet so these big butts are not good for her age so i think you should put a button that makes the butts smaller and normal
Gmaer guy,5,For some reason my mic doesnâ€™t work apart from that it great. Great job epic games
MegaCharizardJ,5,The best game by far
gods at fortnite,4,It is a good game but it is to much updates like way to much the only reason season 8 is here because apex legends came out it has more people playing it than Fortnite like I just played yesterday and now it is a update
thic elmo,5,GET IT RNNN I CANT LIVE WITHOUT FORTNITE U CAN PLAY WITH FRIENDS AND CREATE COOL STUFF!!! NOTHING BAD AT ALL!!! ILY EPIC GAMES
Che.rice,1,Can you kindly bring back voice chat please and thank youâ€¼ï¸â€¼ï¸I canâ€™t play with other ppl if voice chat is still disabledâ€¼ï¸â€¼ï¸â€¼ï¸
Nikki13678,5,If itâ€™s soo amazing on iPhone why not put it on android ðŸ’†ðŸ¼â€â™€ï¸
X-dozer man,4,Very slow to get you in a game
khalerajia,4,"Fun and responsive good to get challenges done if you have to go somewhere, my only complaint is you should be able to connect controllers to it easily- and then you should get put with console players so no one can just go destroy all the mobile players with a controller.  Overall a solid fun responsive game I have a iPhone XR so it doesnâ€™t lag that much, does crash sometimes and does use a lot of battery but still pretty fun"
tdgjdfgjdfhj,5,"This game is so much fun also, this is my first time playing Iâ€™m sure I will get loads of v bucks"
carmelpopcorn52,5,"This game is the BEST!!!!!!!!!!!!!!!!!!!!!!!!!!,!!!!!!!,,,!,!"
Fisheyfortnite7,5,I love this game so much. It is really fun and good. I am impressed with the graphics and gameplay.ðŸ‘ðŸ‘ðŸ‘
creed 3,5,I really think form is the greatest game only Competitions is call of duty 4 but I really love the graphics too
redhatace,2,"I used to enjoy playing fortnite, and now I canâ€™t even fight without a guy who can double and and build like crazy and the next thing I know Iâ€™m dead, so please take out the cross play"
"choocie slayer 3,000",1,is gay
fortnite cool ðŸ‘,1,This game is the worst it loads forever
XxEthanTheVIIxX7,2,"Two words, 90 headshot

Also there are a bunch of mobile aimbotters."
Snipers9999,5,"Best game I have played so addicted
I canâ€™t stop playing."
Andy gil,1,"Porfavor ya no puedo jugar bien por que no puedo comunicarme con mis compaÃ±eros de quipo ,ya no es divertido jugar a causa de la falta de comunicaciÃ³n.Gracias por su atencion

ID:LGS_AndyRD"
TerynMerc,2,"Every time I get a chance to play this game Iâ€™m hit with an update from App Store required. Itâ€™s fine when at home, not when youâ€™re out and decide to pop in for a quick game. Not sure what you can do but it is annoying."
TDL2007,5,"Can yâ€™all please bring the score card
Back and can I get the three strikes set I really love baseball I play it and always wanted a skin but my parents wonâ€™t let me and I canâ€™t get money. To my account if yâ€™all do XxTDL2007xX exactly how I spelled it"
cday22,1,Why does it now work with iPhone 6 +
causenonicknameswork,5,I love fortnite battle royale I love how many choices of skins you can choose from the love the art I love everything about it just one thing I donâ€™t like how expensive 1000 vbucks are they should be 5 buck not 10 itâ€™s too high of a price anyway everything else PERFECTðŸ‘ðŸ»ðŸ‘ðŸ»ðŸ‘ðŸ»ðŸ‘ðŸ»ðŸ‘ðŸ»ðŸ‘ðŸ»ðŸ‘ðŸ»ðŸ‘ðŸ»ðŸ‘ðŸ»ðŸ‘ðŸ»ðŸ‘ðŸ»ðŸ‘ðŸ»ðŸ‘ðŸ»ðŸ‘ðŸ»ðŸ‘ðŸ»ðŸ‘ðŸ»ðŸ‘ðŸ»ðŸ‘ðŸ»ðŸ˜ðŸ˜ðŸ˜ðŸ˜ðŸ‘ðŸ»ðŸ‘ðŸ»ðŸ˜ðŸ˜ðŸ‘ðŸ»ðŸ˜ðŸ˜ðŸ˜ðŸ˜ðŸ˜ðŸ˜ðŸ˜ðŸ˜ðŸ˜ðŸ˜ðŸ˜ðŸ˜ðŸ˜ðŸ˜ðŸ˜ðŸ˜ðŸ˜ðŸ˜ðŸ˜ðŸ˜ðŸ˜ðŸ˜„ðŸ˜„ðŸ˜„ðŸ˜„ðŸ˜ðŸ˜ðŸ˜ðŸ˜ðŸ˜„ðŸ˜ðŸ˜ðŸ˜ðŸ˜ðŸ˜ðŸ˜ðŸ˜ðŸ˜ðŸ‘ðŸ»ðŸ‘ðŸ»ðŸ‘ðŸ»ðŸ‘ðŸ»ðŸ‘ðŸ»ðŸ‘ðŸ»ðŸ‘ðŸ»ðŸ‘ðŸ»ðŸ‘ðŸ»ðŸ‘ðŸ»ðŸ˜ðŸ‘ðŸ»ðŸ‘ðŸ»ðŸ‘ðŸ»ðŸ‘ðŸ»ðŸ˜ðŸ˜†ðŸ˜†ðŸ˜†ðŸ˜† GREAT GAME!
Izaiahrecio,1,Always laggy
ðŸ˜·ðŸ˜·ðŸ¤’ðŸ¤’ðŸ˜ªðŸ¤ ðŸ¤‘ðŸ˜¯ðŸ¤¡ðŸ˜°ðŸ¤ðŸ’€ðŸ˜§ðŸ‘¾,5,Yeah
fortnite253567763,5,"There is to much lag and I canâ€™t build a lot.
For example,it is hard to build"
Connerboydude,5,Hey epic you did a great job on your game I is a good kid friendly game but the only think me and my friends really want you to add in the game is that you should allow six people in a one lobby and I know it is confusing because for squads you need four people but when ever we play playground we always 1v1v1v1 and our other friends want to join and we always have to use creative and creative has different maps which is cool but it is really small but in the island where 100 players fight it is way bigger and I know there is a glitch but when we try doing the glitch it doesnâ€™t work so please add six people in a lobby I hope you read this have a good day â¤ï¸â¤ï¸â¤ï¸â¤ï¸â¤ï¸
1016 lax boy,4,It could have some improvements but all out a good game =)
werp nerp626362773,1,You need to much gigabytes to play this game.and there are always constant updates and it just breaks Fortnite
tayevin,5,Hello peps well the new update wonâ€™t happen I do it and it says update again I like what the hell i just did 5 FRICKIN time please fix also Season 8 is bone dot come bring back planes thanks epic
kukugsv,5,Itâ€™s so great on mobile the graphics and everything on the game is awesome
Jurassic12354,5,Fortnite is awesome on computer but on mobile itâ€™s the worst game ever
jsjiiqwuwhwhna,5,Supaaaaaaa goood
Jarsnah,5,"The V.8.2 update is really nice, except the 50 health gain after a kill has been removed.
But the issues is the voice chat
Iâ€™m still having a lot of trouble with the voice chat on ios
As if itâ€™s still disabled
Idk what to do?
Help Epic?"
JaxE101,5,Everything is awesome!!!!!!!!
UnseenSloth,5,"Nintendo switch players are too op for most mobile people. They can even hook up to a wireless keyboard. That gives a lot of mobile starters an unfair chance to actually play. SO TAKE THEM OUT!!!
-TurtleMoose_RIP"
thebeast563554,5,"Iâ€™m tired of the ridiculous lag I know thereâ€™s a lot of people getting into one game but, every time the game first starts everything is laggy and when your in a battle for me and my friends it freezes and then next thing you know we are all dead and weâ€™re like what the heck just happened.                                        Other then the crazy start off lag keep up the good work hey no hard pressure epic just putting that out there ."
Cdunc1234,1,You people at epic games are sooooooo dumb. Why would you change that when you kill someone you donâ€™t get shield or health. Vault or nerf the stupid guns like turrets and pumps. And please for the love of god stop adding guns to the game that are trash and nobody will use like the infantry rifle and the flint lock pistol. Also add better shotguns because the tactical shotgun does not do enough damage and the pump does way to much damage!
dummy dum dupid,5,For me it never crashes but thereâ€™s one problem for me is voice chat doesnâ€™t work
Aholelei,5,The games not bad you can play with your friends and family it is also fun to play
fortnite expert 101,3,Every time I play the game since season 8 updates it just glitches a sound of a little glitch plays and then just crashes.(edit) I just updated again and I canâ€™t login to my account it says my email is not linked to an account and I cannot sign in.
fewqrw,3,"Fortnite mobile is overall a great application, but there is way to much crashes, for example if Iâ€™m in the middle of the game it freezes and brings me back to the lobby.If there is any chance you could fix this bug then the game would be much more enjoyable."
corn flakz,1,Terrible terrible terrible terrible terrible horrible horrible horrible horrible horrible bad bad bad bad bad
DanolovesFortnite,4,I love it the only thing is that sometimes when I am doing good in a match it crashes and the season 8 skin is kinda bad
Janellegymnast2,3,Itâ€™s rlly fun but I every time I update it it always says I run out of data and then I have to wait an hour for it to start installing and then I just end up deleting it and downloading it again. Itâ€™s very annoying because by the time it finishes downloading I donâ€™t wanna play anymore.
hendy x goat,4,My sound hasnâ€™t been working.
himommy is cool,5,This game is really fun if you like a lot of action
qreeada,3,So I am a fortnite player on mobile on my tablet but I have a couple friends that have a 6plus and they canâ€™t play on mobile because I is not Come paddle with there phone so I am just wondering if you can make a way so people with 6 pluses can play thanks.
DogDude88,5,"Fortnite is a very good video game.
I play this game all the time with my friends and I enjoy the voice chat abilities.This way I can have fun with my friends online"
jion me,5,It is good but very addictive to my son
NOTMWEEEEEE,1,"I wish I could download fortnite and play it on the go, but I canâ€™t since it wonâ€™t run on my phoneðŸ˜¡"
BunnySmashie,5,"Fortnite is so fun! It may lag sometimes but the guns are amazing and plus, there are you many places to go in the game! Honestly, I loved the burst AR so I hope they add it back"
Matthewc9123,3,This game now since season 8 has begun has constantly been crashing on me. I have yet to play a game because every time Iâ€™m about to land my game ether crashes or my screen blacks out and freezes. I donâ€™t know why this happening but itâ€™s very annoying. Iâ€™ve uninstalled the game then re installed it but didnâ€™t make any difference. Please and try to fix this I canâ€™t have fun on this game if all it does is crash on me when I try playing.
studentðŸ’¦,5,Spotlight moonlightSpotlight moonlightSpotlight moonlightSpotlight moonlightSpotlight moonlightSpotlight moonlightSpotlight moonlightSpotlight moonlightSpotlight moonlightSpotlight moonlightSpotlight moonlightSpotlight moonlightSpotlight moonlightSpotlight moonlightSpotlight moonlightSpotlight moonlightSpotlight moonlightSpotlight moonlightSpotlight moonlightSpotlight moonlightSpotlight moonlightSpotlight moonlightSpotlight moonlightSpotlight moonlightSpotlight moonlightSpotlight moonlightSpotlight moonlightSpotlight moonlightSpotlight moonlightSpotlight moonlightSpotlight moonlightSpotlight moonlightSpotlight moonlightSpotlight moonlightSpotlight moonlightSpotlight moonlightSpotlight moonlightSpotlight moonlightSpotlight moonlightSpotlight moonlightSpotlight moonlightSpotlight moonlightSpotlight moonlightSpotlight moonlightSpotlight moonlightSpotlight moonlightSpotlight moonlightSpotlight moonlightSpotlight moonlightSpotlight moonlightSpotlight moonlightSpotlight moonlightSpotlight moonlightSpotlight moonlightSpotlight moonlightSpotlight moonlightSpotlight moonlightSpotlight moonlightSpotlight moonlightSpotlight moonlightSpotlight moonlightSpotlight moonlightSpotlight moonlightSpotlight moonlightSpotlight moonlightSpotlight moonlightSpotlight moonlightSpotlight moonlightSpotlight moonlightSpotlight moonlightSpotlight moonlightSpotlight moonlightSpotlight moonlightSpotlight moonlightSpotlight moonlightSpotlight moonlightSpotlight moonlightSpotlight moonlightSpotlight moonlightSpotlight moonlightSpotlight moonlightSpotlight moonlightSpotlight moonlightSpotlight moonlightSpotlight moonlightSpotlight moonlightSpotlight moonlightSpotlight moonlightSpotlight moonlightSpotlight moonlightSpotlight moonlightSpotlight moonlightSpotlight moonlightSpotlight moonlightSpotlight moonlightSpotlight moonlightSpotlight moonlightSpotlight moonlightSpotlight moonlightSpotlight moonlightSpotlight moonlightSpotlight moonlightSpotlight moonlightSpotlight moonlightSpotlight moonlightSpotlight moonlightSpotlight moonlightSpotlight moonlightSpotlight moonlightSpotlight moonlightSpotlight moonlightSpotlight moonlightSpotlight moonlightSpotlight moonlightSpotlight moonlightSpotlight moonlightSpotlight moonlightSpotlight moonlightSpotlight moonlightSpotlight moonlightSpotlight moonlightSpotlight moonlightSpotlight moonlightSpotlight moonlightSpotlight moonlightSpotlight moonlightSpotlight moonlightSpotlight moonlightSpotlight moonlightSpotlight moonlightSpotlight moonlightSpotlight moonlightSpotlight moonlightSpotlight moonlightSpotlight moonlightSpotlight moonlightSpotlight moonlightSpotlight moonlightSpotlight moonlightSpotlight moonlightSpotlight moonlightSpotlight moonlightSpotlight moonlightSpotlight moonlightSpotlight moonlightSpotlight moonlightSpotlight moonlightSpotlight moonlightSpotlight moonlightSpotlight moonlightSpotlight moonlightSpotlight moonlightSpotlight moonlightSpotlight moonlightSpotlight moonlightSpotlight moonlightSpotlight moonlightSpotlight moonlightSpotlight moonlightSpotlight moonlightSpotlight moonlightSpotlight moonlightSpotlight moonlightSpotlight moonlightSpotlight moonlightSpotlight moonlightSpotlight moonlightSpotlight moonlightSpotlight moonlightSpotlight moonlightSpotlight moonlightSpotlight moonlightSpotlight moonlightSpotlight moonlightSpotlight moonlightSpotlight moonlightSpotlight moonlightSpotlight moonlightSpotlight moonlightSpotlight moonlightSpotlight moonlightSpotlight moonlightSpotlight moonlightSpotlight moonlightSpotlight moonlightSpotlight moonlightSpotlight moonlightSpotlight moonlightSpotlight moonlightSpotlight moonlightSpotlight moonlightSpotlight moonlightSpotlight moonlightSpotlight moonlightSpotlight moonlightSpotlight moonlightSpotlight moonlightSpotlight moonlightSpotlight moonlightSpotlight moonlightSpotlight moonlightSpotlight moonlightSpotlight moonlightSpotlight moonlightSpotlight moonlightSpotlight moonlightSpotlight moonlightSpotlight moonlightSpotlight moonlightSpotlight moonlightSpotlight moonlightSpotlight moonlightSpotlight moonlightSpotlight moonlightSpotlight moonlightSpotlight moonlight
Islander221,1,8.20 worst update letâ€™s all play apex until they bring back siphon
rkrfjfur,5,It wonâ€™t let me log in
Emo Insanity,2,"I mean itâ€™s cool to get fortnite on tablet and phone but...
The lag prevents me from getting dubs now fix it thank u"
ðŸ‘¾ðŸ‘¹ðŸ¤«ðŸ˜¬ðŸ¤«ðŸ™ðŸ¤ðŸ˜´ðŸ¥ºðŸ˜,5,This game is the best
J4ydakilll,5,Fix the mics for mobile
uk147,5,I love this shooter game. The best part is the BATTLE PASSES!
dujduaha,1,So basically every time I open it my phone twitches it I was very good a moible until this happen now I switched back to pc
Nelito789,5,I like the glitches there so awesome with the glitch I had was so awsome and I got all the skins because of the glitches in Fortnite itâ€™s so awsome
thereisnospoon,4,Ok game but a think it just glitches a lot.Thats all I have to say.
Madtron14,5,I love to play Fortnite when I am done with everything!!! ðŸ˜‚
GhostofDeath303,5,Awesome
fuejsjsk,1,This Game Is So Garbage Thanks Fortnite For Adding Intendo Switch On Our Platform Unless You Remove them i will rate 1 Star So Garbage.
Opgamer2008,5,Coolest ga e ever
TexasPride2002,1,"1 month of updates and still no voice chat. Me and my friends are about to switch to pubg... only because of voice chat. Itâ€™s so critical in game and when your running a clan, because you canâ€™t tell people where people are and such and had to adapt with the markers. But still we need voice chat more than ever"
mmmmmmmmmeeeeeeeeeeeeee,1,I have an iPad Air
Agrodolce,5,This is the best stress relief game and it keeps me occupied I donâ€™t know what I would do with out this game!!ðŸ‘ðŸ‘ðŸ¤˜ðŸ‘Œ
DerekðŸ”¥,1,"This game isnâ€™t worth playing because mobile servers and switch servers are joined together. This makes is so you are at an utter disadvantage, and you just get clapped every time."
Diamond Ariel YT Jimenez,5,Fortnite is a good game because their is always new in updates and season 8 has a volcano ðŸŒ‹ new gunsðŸ”« and new stuff in the battle pass every body should try it out I have a lot a skins and I almost finished the battle pass itâ€™s a great game and every body should TRY IT!!!!!!ðŸ˜„ðŸ˜„ðŸ˜„ðŸ˜„ðŸ˜„ðŸ˜„ðŸ˜ƒðŸ˜ƒðŸ˜ðŸ˜ðŸ˜Ž
nninja 4,1,I was playing just rn and I got with a rocket when I was turtling
Yeetem_8657,5,This games is awesome!ðŸ˜ŽðŸ˜ if they havenâ€™t put it on mobile. I would be sad ðŸ˜¢. Because then I canâ€™t play with my friends ðŸ‘­. Thank you epic games. â˜ºï¸ for making Fortnite
Fmafgamer1988,4,This is a good mobile version for people who donâ€™t have consoles but itâ€™s very laggy and it takes  FOREVER TO LOAD
qtau27,5,It is amazing game play and is addictive (in a good way) and it will always be one of my favorite games. You are amazing epic games.
DARTHBANE1235,5,I love it but could you improve the format in which mobiles guns and building is placed. Also could you refresh the submit a refund request and extend the month period of time to refund a certain purchase
dantheman4810,5,This game is so good I even got my mom and dad to play it with me
Dr. Critic Coke,5,Itâ€™s fortnite. More than 200 million people love it. Itâ€™s good.
Dee Bradley Baker,5,"(Not Clickbait) Fortnite Minecraft outfits and emotes were recently added and I had only a few concerns with it. First of all I canâ€™t cuss because my mom checks my phone. Secondly, the author uses hyperbole and dramatic irony to portray theme and mood. Then, when I least expected it he came up to me and asked if I wanted to go to PROM with him and I was all like I already told Michael maybe and I didnâ€™t want to upset him- he knows how to default dance. Finally, American Dad is is superior to to Family Guy because I just like it more well. 

The End...?!"
sam123:@,5,Best game ever
Itsme_lil rage,5,This is the best game the is ltmâ€™s limited game modes solo dous squads team rumble creative playground and you can do this with your friends how awesome is that you can get skins dances skins for your guns as long as you are fine with getting eliminated or get eliminations then your fine with the gunfire
xd MeeZoid,5,Itâ€™s a really good game I recommend
SILVEREXE,2,Hola porque hay switch en mobile son  idiotas o que tambiÃ©n en Xbox y computadora que les pasa ustedes nomas ayudan a los de computadora y los demÃ¡s pero nunca a mobile por eso ya casi Nadie juega este juego este es un juego muy bueno pero veo que no apoyan a mobile en nada en mi tablet se me traba demasiado en mi iPhone igual entonces que quieren que me cambie a consola o que pero en fin no se que estÃ¡n haciendo o que estÃ¡n pensando pero nomas me hacen perder data de mi telÃ©fono para actualizar cosas que son lo mismo todo el tiempo por favor hagan algo gracias por leer este mensaje.ðŸ˜¬ðŸ˜¬
Fastshutter,5,With the new consumable you can wear the banana skin and eat a banana. That is creating canibalism.
LilFabo11,5,Fortnite is a fun game
mehkimmiu,5,Will sometimes when I get into a game with friends I end up freezing and getting kicked out of the game.The game is fun though.
somtimes you get bullid,5,Man I donâ€™t know why People say Minecraft is the best game in the world but all you do in Minecraft is build and put on armor itâ€™s boring.but it is fun when you have nothing to do good job epic games  epic games is training you for real life sometimes you get bullied and you have nothing to do about it but this game is helpful I have a kid at my school and I get bullied by him I try to stay away from him as much as I can but he still follows me Once I was in the grass and I was playing with him And all of a sudden he started fighting me and  he  said  get up  and I was on the floor crying  he said get up I thought you were man and there was a yard duty and she did nothing.
Gxlbert,1,"Currently with the v8.11.1 patch the game has lost the siphon effect which would give us 50 shields or health which made the game back to olds state where it just started getting boring, also why remove it because players are â€œtoo aggressiveâ€ thatâ€™s the point of a battle royal to play aggressive. Also letâ€™s not forget about the 40% decrease for gathering materials, it was one of the reasons many people started getting bored of the game but when you (epic games) changed it, it felt like we could actually do good in the game instead of just trying to not get killed because you have less than 100 materials."
jay2006640,5,I love this game the graphics on iPhone X dood is amazing
olithefag,5,"it works well and all, but does crash sometimes,, and iâ€™m thinking about getting an iphone 6S+ but im not entirely sure if fortnites compatible with the phone cause it says it canâ€™t work on 6+,, does that go for the 6S+ too?? orrrrr,?"
miles_wright15,5,Why canâ€™t your play on I phone 6
Addilynn Wilmot,4,on version 8.20 the game keeps crashing from the server everytime i try to play a game. please fix the graphics and the crashing please.
robotnerdd,4,I just want to play In my phone to but I canâ€™t because itâ€™s not made for iphone6 only 6s please chage that
Xxrainbow studioxx,5,Well Fortnite is an awesome game but I donâ€™t like how my game crushes but rarely happens and itâ€™s annoying.  But that is the only thing and I love this game :)
WasAFortnit3Play3r,1,TAKE THEM OUT!!!NOW!!! ASAP!!!ðŸ˜¡ðŸ¤¬ðŸ˜¡ðŸ¤¬
young mattew,5,Put voice chat back on
KingEO421,5,There are updates every week and it drives me crazy updating the game.
sup france,4,Plz give mobile platform free skins and put back voicechat...
Sub To PEWDIEPIE.,5,It good
StarLightYT,5,"Nintendo players shouldnâ€™t play with mobile players.

1 - It just ruins the game

2 - Barely any mobile players can win

3 - Itâ€™s a huge disadvantage for us mobile players

Please disable the connection between Nintendo and Mobile!"
The_Demon_Lord64,5,Its a good game.I really enjoy playing it and its just a great game.I play it a of the time.
StealthGamerboy,5,Ever since the voice chat enabled for mobile I canâ€™t talk to my friends at all and the storm is so annoying why canâ€™t they slow down the speed and why do they always make every thing strict itâ€™s dumb.
Danny Samano,1,When you start a match you wait for a long time. Also you canâ€™t change grÃ¡ficos and it is on low and canâ€™t talk on mobile
Yigvyfucyfcifhcfhhvygivvgvj,1,I was enjoying and playing fortnite more then ever before once they switched the mat cap to 500 and added health for kills. I was finally getting to be good at the game and then they ruined it. There was no reason to remove these things. People complaining about good players having to much of a advantage by getting health for killing other players is nonsense. It made the game more fun and just because it was helpful for more experienced players doesn't mean they should remove it. If I am putting my time into this game and now it's going to be that much harder then I don't want to play. Now players can more easily luckily kill me bc if I get into a 3 way fight I won't get my health back for killing one of the other players. It's just stupid. The people putting their time into this game shouldn't be getting screwed over. I'm done with fortnite unless this is changed or a new idea fixes it. And with playground mode and creative there is tons of opportunity for players to get better so if they want to win then just practice. #fortniteisdying
chris_cutedoges,4,I just want a trading system for skins I just want some skins?
Deadshot 1814,4,Great game but starts over when Iâ€™m trying to update or it messes up when updating like when itâ€™s on 10 mb then it will go back to 4mb until it goes higher and wonâ€™t stop
ooooggggggood,5,The best game ever but a little laggy
pr0ject zorgo,5,I get killed a lot I get stream sniped
PunIsher-2.0 add me will play,5,This game is so fun especially when your one of those tryhards or sweats the game is the best
backwoodfakids,1,Hard to control
FrigginLance,3,"So uhhh yeah I get this glitch where I canâ€™t move soooo, fix that, also bring back gaining health from eliminations."
Vmoney z,5,It is so awesome and amazing and fun
CraftyBoy10,5,Can you put the Infinity Gauntlet in creative and a gamemode that happens every month with the Infinity Gauntlet and the gamemode/LTM can stay from 5-7 days please add the Infinity Gauntlet back PLEASE
ðŸ¢ðŸŽ‰ðŸŽ‰,5,On mobile it crashes. A lot and on ps4 it almost never crashes
jimmy1234312,5,This game has one problem it is so laggy but it is a mobile game so...nice
ToryRobertLewisJr,5,I have been playing this since idk season 4 and itâ€™s the bomb ðŸ’£ I never thought it could be so attractive and people keep saying master key should be tier 100 ðŸ’¯ but I said no because it has never been a female character as tier ðŸ’¯
poopoehdhhdhdhdhe,4,The updates take way to long and there are so many updates.
Blue MOSES,5,Best game ever
qowlqk,1,Bad game
potatoes260,1,"To be honest you have to be autistic to think that removing siphoning would be a good idea everyone liked siphoning and you have gone and removed it, you guys must be autistic and right now Fortnite is in a horrible state"
gatormason,5,I love Fortnite because it inspires me to be chalaged and have lots of fun
superklp,4,There are to many updates
tfueå€‹,5,Fortnite is the best game ever played in it so fun
BRIAIFNWOCNWJRJD,1,Although it could be a fantastic game the controls and the ads are terrible Iâ€™d rather play off brand games Battle Royale games than play this. Please fix the controls.
bbdnfnnf,5,I love it only when it lags
brianna g wagner,3,I love this game but when your on your phone it is to glitch and lags all the time I was playing and landed on a tree and then I kept gliding then it brought me back to the tree then I jumped of and brought me back up
Boo boo blob,5,"I think FORTNITE is fun but I would not suggest this every day because I have experience this from my brother when he has rage quits...so plz donâ€™t do this every day! So now that itâ€™s 2019, I did that one up top was in 2018, any way, it takes really long to get in a game when I havenâ€™t been in it in a week or two. So yah, pretty fun games tho"
HiHiByeByeee,5,"I think the voice chat is still broken.... :/ Either it is or itâ€™s just me. Can you fix it please??? Besides that, I love this game"
Nightstone5,4,Fortnite is amazing it is the only game I can play that has shooting. Ever since Fortnite shut off mobile voice chat (assuming they put it back on) I havenâ€™t been able to hear on speak to anyone. My voice chat is on and full volume. My cousin how is Fortnite master couldnâ€™t even fix it! Help it is so annoying trying to know where to land. Just saying so if you could please fix it that would be greatðŸ™ðŸ‘. Once again I still love the game more than you could think ofðŸ˜‰!
Bradley villa,5,Please epic games why is not anymore like when you kill somebody donâ€™t give you 50 of shield or health ðŸ˜ªðŸ˜ªðŸ˜ªðŸ˜ªðŸ˜ªðŸ˜ªðŸ˜ª
fortnite is good21,4,I can no longer hear my friends when we are playing Fortnite and it kinda annoys me plus when I start Fortnite I canâ€™t hear anything please fix it and think you for your hard work.
fire!!!!!!!bhjglijfe,5,"Fortnite on mobile is one of the greatest games ever made. I love how smooth it runs and how easy the controls are. But there are cons to playing fortnite on mobile, the default control settings are ANNOYING. Overall fortnite on mobile is one of the greatest games on the App Store right now."
PUGelf,5,This game so awesome i love playing this game but thereâ€™s much lag hopefully epic games can fix that
akaalexhatethisgame,5,Epic games come on this update to mobile is bad dog sh**t what is this game sometimes can believe u put Mobile this down making me not wanna play after this update maybe think about us mobile players more bye
Songwriter_4_Life,3,Ya this game is really fun and all but honestly I miss Season 4. When I joined I was super confused but it was fun. I miss the storyline because back then everyone was like whatâ€™s going on but now itâ€™s just oh cool another event is happening yay.... :/ Iâ€™m just saying that they should up there game. It was so interesting and I played everyday and made sure I got on but now I play at least once a week. I hope they come up with a creative server going back to all the seasons. I just miss the infesting part of the game. This was all my opinion and Iâ€™m not trying to offend anyoneâ€™s opinion this is my own. Thank you for taking the time to read this. Enjoy your day!
awesomehirl6895,1,I really wish I can play fortnite on my phone but I have an iPhone 6ðŸ˜‘
to yfgvvcuj b,5,Thanks epic games
NumberlessD,5,"The game is amazing! Just a few glitches people use to win. Besides that, Iâ€™m a mobile player, and I really canâ€™t play because it always takes me back to my home screen in the middle of my final kill, yâ€™know things like that and I would really like it if it got fixed!"
PeacefulDURRR,4,"Great game! Veblen playing since season 4, and started making YouTube content back in season 6. Fortnite mobile is way easier then console or pc because all the tryhards often play those other platforms. The game does have glitches and things that are off, but this game is great, fun, addictive and a great time killer, though I wish they would make undaunted a permanent mode as well as one shot"
Sendit_916,5,This game is so fun just wish it was on phone
nvam killer,5,This game is awesome except for a few lags which are mostly caused by my TERRIBLE WiFi itâ€™s great 5 stars â­ï¸
add me hernandez faze,5,For its for life ðŸ‘ðŸ‘ðŸ‘ðŸ‘ðŸ‘ðŸ‘ŒðŸ‘ŒðŸ‘Œ
supergangtaco,4,Games wonderful but always freezes and doesnâ€™t load
ZIPPYPIPSQUEAK,5,Fortnite is the best game + there is know blood
cristianoo_07,2,"Honestly switch players and Mobil players should not be together. On Mobil, players have a more difficult time to built unlike switch players they have the advantage. honestly Iâ€™m tired of loosing bs switch players there just too good vs Mobil players"
Hurricain9,4,The game is great but sometimes it is laggy and the controls are not always the best. Otherwise it is the best game ever!!!!!!!!!!!!!!
mickey mouse cloubhouse,1,I hate the weekly updates they take for ever and are dumb
bouiboi,5,Yfrhfrtynrjtufrtmjvmyrvjvjmjmbu yjumbyujbmtbjmbjmttttmbjthmjbmbjtmtjbunyjjmvjuvymuvkmukfjiuewtrgfiuetwrmffkweurtsbffketrsfbouterfxmfiotwerhfmiktwermgfmjkwtergf
UnicornLife4Ever,5,"Great game, new things everyday in the shop and updates all the time. I love how there are different modes that you can play in Battle Royal, and that those also change almost every week. The only thing that is a little annoying is that the game takes up so much storage on your phone, but thatâ€™s reasonable because of how large the game is."
heirnfruidnrhfnrjrnfirnjfbcidd,5,"Man I just want to say I really enjoy dis game but come on mobile has come a longggggg way but can we fix the screen spinning wen editing, lagging, and da jump glitch while joining a game in creative itâ€™s where u canâ€™t fully jump also can we add a gun lock where u cant switch ur guns unless u press the lock button thx btw keep up the good work"
Caden125,5,Omg I love this game it is amazing love the updates!!!!!!
asfghjklojnvdtrwatdiu,5,It is the best game I have ever played itâ€™s even better then Apex Legends
Usmc6333,5,So first of all it crashes a lot when you donâ€™t update you iPad /phone but thatâ€™s not to bad because you can just uptake your device another thing is the controls arenâ€™t very good first the reload button should be bigger when I press the reload button sometimes I shoot my gun and I like thatâ€™s you can move button around but you should be able to make button bigger and smaller
lit chica,5,To be honest I love this game and when the brought it to mobile I was so happy because I can play on the go.Biulding is way easier so is shooting btw I am a girl gamerðŸ¤˜ðŸ¼ðŸ‡©ðŸ‡´ðŸ‡©ðŸ‡´â¤ï¸â¤ï¸ ðŸŽ®
Cap.Insane'O,1,Bad
gÎ±Ð¼Î¹Ð¸g gÎ¹Ñâ„“,5,This is honestly the best game ever!! I love it so much and Iâ€™m on it 24/7â¤ï¸
Xtvyn is my epic name,5,Hey epic love the game but can u make the aim assist on smgs less because all these bots kill me that arenâ€™t even good they just smh spam
Player-673. l,5,"Ok,the graphics are TERRIBLE,I mean like when youâ€™re aiming at someone all you can see are a couple blurs.Itâ€™s WAY better on Xbox or PC, literally thereâ€™s no such thing as a line in mobile. One time my friends were doing ATV stunts and then the season 7 blizzard came and there skins mashed together. I think there should be Server Glitch Engineers or SGE so they can fix all servers before a massive event would happen so that there arenâ€™t so many glitches. This is my favorite game so I hope EPIC can possibly do this. Thx! ðŸ’ŽðŸŽ®ðŸ’Ž"
death man 15019,5,I think you guys should have Made where when the ice melted the map flooded and their were boats And sharks
moni ðŸ¦ŠðŸ¦,4,So I love all Fortnights seasons and all but the game takes too long to load unless you have the best WiFi but still after you update the game once you have to do it Again and that is mad annoying to have all your time being wasted on this little game you know itâ€™s bum and time wasting I heard that some people donâ€™t play fortnight because of its problems and thatâ€™s all I had to say about this wonderful game and although I bonâ€™t even play it that much I still worry about how much time people have been wasting on this stuff and also I really like the skins but this is some weird stuff that we have no Idea what there doing so yay fortnight may not be the best games to download but still I can be very fun sometimes when you play it and accomplish lots of goals and stuff but  seriously they need to stop doing what every they are so we wonâ€™t be so Rood and stuff and this is crazy you no like nothing takes this long to play or even download at all so please stick up for yourself and say something about it and express your feelings and feel comfortable sharing your ideas with us and all your friends and family thank-you.ðŸ‘
@sonnythe0ne (YouTube&Insta),1,"It would be fun if I could play, hasnâ€™t worked after season 5"
Kearan412_412,5,Awesome
jniouoiji,5,This is a good game like how you use it with mobile and donâ€™t use aim much because it does it for you
Brock.p,4,The game is fun but it get boring because you have the same map I want to season 1 map and skins to come. It would me fun with the old guns map and skins to come back because every one is getting good and there is no way to win for phone players because it is to hard to switch guns. You barley can build that is way you need PS4 to play or pc because it is hard to even move on phone.
whyguyO7,5,"Fortnite is the best game ever, mobile is also super good, works GREAT!"
IanChase007,1,I wrote epic two weeks ago asking why mobile comms arenâ€™t working. No response. Nobody I know playing mobile says their headsets work. We canâ€™t talk to each other. Ruined the experience. Iâ€™ll take this review down once they respond.
A-L-E-X 05,2,I think the 8.20 update that released today came with great changes but it also came with unnecessary changes such as the shield per kill in all core game modes this was an unnecessary Chang along with the 50/50/50 mat drop per kill these were very great additions to battle royale and there was no need to change them plz fix this epic(.)
xxXGDEric10Xxx,5,I forgot my login.
Eladio Savage,5,Having fun with defaults
Hsosnsjdusnskosndj,5,People have to understand that this is a game based on multi platforms but put into a mobile lobby they try to fix the game as much and listen to all our suggestions it definitely lags a lot but only when you are using it while in use of something else or if you are in a bad reception area it really is a good game and if you have any problems contact epicgames.com
iwksnjdnindin,4,Season 8 is laging a lot but can you put 60fps in iPad Air 2 thank you but can make mobile not have lags on it all the time thank you
Boston Rae,5,This is mine and my brotherâ€™s favorite game it is so fun even my 3 year old nephew plays it and my friends and kids in my class I would recommend this game if you like shooting games or battle royal games it even has save the world witch is a PVP game but no on mobile or switch
TTV Brokenkite,5,"I think that this game is really good with graphics and connection but u wish there was a controller figuration. 
Thanks"
Xz_Why,4,When I download or update the app it sometimes takes more than an hour. If I were Epicgames I would start to shorten the time it takes to load the game before adding an update. But if we put that aside it is an amazing game.
ðŸ˜‡ðŸ˜‡ðŸ˜‡ðŸ˜ŽðŸ˜‡ðŸ˜‡ðŸ˜‡,1,Ok so your game Fortnite is making me delete a lot of games on my iPad. I only have like 9 apps yet you ask for more. Iâ€™ve paid for stuff on Fortnite. So if this doesnâ€™t stop your Iâ€™m going to stop paying for v-bucks. Believe me Fortnite is a really fun game but you want every app to be deleted but Fortnite. Maybe Iâ€™m better off playing Apex or PubG.ðŸ˜
JoseR913,1,The microphones donâ€™t work they have disabled them for 2 weeks now
HPkiller21,3,For me (on a new iPhone 8) voice chat never works. I adjusted the settings with voice chat turned on and I gave fortnite access to my mic in setting but it wonâ€™t work. Tell me how to fix it or fix it in game.
Pleeez help,2,"Iâ€™ve been using this app since the beta release. At first it wasnâ€™t so bad... but recently thereâ€™s an update every day! it wouldnâ€™t be so bad if it wasnâ€™t for the fact that the update itself take 10-15 minutes each time, and then the first game you try to play after the update causes the game to freeze. So you need to close down the app, open it back up, and give an extra 5 minutes to reload. I completely understand this is an extraneous app that requires a lot of power/internet connection from your phone, and an update every few weeks is not a big deal... but having to wait 20 minutes EVERYTIME I open the game is beginning to get infuriating. PLEASE SAVE YOUR UPDATES TO ONCE A WEEK!"
bzbdbxb,5,It has ato much updates and itâ€™s annoying
angelo cajueiro,4,I would like the game to load faster because it takes sooo long to load
...:.:.;....:,5,Iâ€™m updating it now I hope yâ€™all fixed the mics
NickSquill,5,I like everything except for the fact that now mobile and switch players got merged. I think it was a terrible idea because the switch players have a way bigger advantage.
Jpzro26,4,The updates or ok but they need to be more like fortnight like when someone is trying to hide in a bush under a tree they go in the bush and get trapped in a rope
ErOros,5,The only problem I have with the game is there are too many buttons and itâ€™s very laggy most games that I play but itâ€™s a really fun game thank u for making fortnite
MunkeyKillerMan,5,Cjdkd
Puunalu,5,Thanks for this fighting game Fortnite can you put Tamato skin and the burger skin to the game because I want to get it I have a lot of v-bucks 26k something so please add them in the item shop thanksðŸ™ðŸ™your game is better than PUBG!!!
Wood Leroy,2,"The game is fun until the updates are due, then you sitting with the game open for HOURS! If it was once a season it wouldn't be so bad, but updates are constant and you can't play without them. You can't close the app during or you lose all progress. When it's finally all downloaded, burning up half your battery, then it will sit saying ""initializing"" indefinitely. Most downloads/updates take two or three tries before you finally get it to work. Paying for the battle pass didn't help, it fact it got worse. It's really a major turn off."
camcam2483,4,Itâ€™s a good app and all but Iâ€™m tired of these freakin updates . Soo chilll
PORGMAN!12E1,5,Bad game
ejdncufmrrmemememdjcj,1,I play mobile and it takes for ever! Every time I try to play it always goes to installing when I have all ready installed it! I hate this game.
TTVAdrian_the_god,5,Itâ€™s the best game Iâ€™ve ever played in my whole life
Goo slime light saber,5,One of the best games Iâ€™ve played. Itâ€™s almost too good. Itâ€™s so good my phone canâ€™t handle it and it drains my batteries more than any other app. Itâ€™s worth it though.
Eddieleon16,5,Itâ€™s great and really fun
parzival the ll,5,One of the most amazing friends I have ever played especially that they added creativeðŸ˜ŽðŸ˜ŽðŸ˜Ž
black night killer ninga,5,Fortnite is the best game I have played yet because it is a cartoon graphics. Thanks for adding custom settings
R@G3_Maison,5,"Make it compatible with Xbox, PS4, controllers and keyboard and mouse since you guys think it would be ok to match make us with switch players or people with Nimbus controllers.

Fix your Freaking game already!!ðŸ¤¬ðŸ˜¤ðŸ˜¡

Another thing is that itâ€™s not fair for phone players to go against tablet players because they have way more space for buttons and itâ€™s hard to do claw."
DawsonTBNR,1,Newest update is terrible I canâ€™t get materials anymore I mean itâ€™s annoying  I canâ€™t do anything and I pretty sure most people agree everything that plays fortnite in the sixth grade hates it at my school so please change it back to having 40% more materials in every gamemode pls or otherwise this game is gonna get a lot more hate
Mari_playz,1,There are too many updates .
C1garmonkey007,4,The game is good but thereâ€™s a few glitches and stuff to fix and after epic did great they just left like that till there were more glitches And they wonâ€™t fix right away they fix glitches right when it happens or at least try too
guest184729174621,1,Bring back shields and meds from kills and fix the mics please
iaixud,5,Best battle royal game ever
jazzy2245,5,"Fortnite is AMAZING!!! I have loved the game for a while now and I have had a fun time playing and I get to play with my friends and family and I have just absolutely LOVE the game and during your free time I totally recommend playing fortnite!!!
:))))"
Deeeebandsssssss,3,Takes long to get to the fortnite battle royale your playing . ALWAYS updating
++hunterdoggy++,5,"So I was loading and it turned my iPad off! I know WHAT it was but not WHO it was, a hacker!ðŸ–•ðŸ». That is how mad I am!"
KarenLaurie,5,I love this game so much no matter what other people say Iâ€™ll always love it keep up the good work
Really awesome dude of awesome,5,I want flamethrowers!!!
XDKNITE,4,They should bring the mike back for  iPhone players I canâ€™t play  with my friends other then that I love Fortnite
nbasketballking,1,Trash
sndke djdndd,5,Alls I have to say is amazing but put auto fire on console
Icejjcoolguyso,1,Please we need health per kill
minneyeet,5,This game is the best on my iPhone XR
Sad kidðŸ˜¢,3,You need to get rid of controller conection it makes it to hard to not be on controller another thing is i keep getting on pc servers can you fix that
ActualFortnitePlayer,5,"First, people donâ€™t know that if you use a controller on mobile, you get put on console servers. And switch and mobile have the same servers soooooo, everyone I play is floor ramp wall, and I can only do 90â€™s so I get raped in a build fight."
ImperfectGoddess13,5,Like how long it takes to load. But it is amazing and I love it. I recommend this game.
Angelpopqueen,5,"HI, I LOVE FORTNITE, and most people do to. WELL I used to have a mic on fortnite and talk to my friends on their, and you guys to them out on fortnite for Mobile kids or grownups who play fortnite on mobile, can you PLEASE ADD THE MICS IN ON FORTNITE SO WE CAN TALK ON MOBILE AGAIN, if you do that would be a pleasure, THANK YOU, and btw that is my fortnite.
YT_Popgirl282k
Thanks!!! ðŸ¤”ðŸ¤”ðŸ¤”ðŸ˜­ðŸ¤—â¤ï¸ðŸ‘ðŸ»"
Wyatt9905,4,I would give it a five if it didnâ€™t lag so much. Like Iâ€™ll be in a fight and it will freeze then resumes and Iâ€™m dead.
iszola,5,They fun
O96719263,3,"Nintendo switch and mobile lobbies are the worst thing that has ever happened to Fortnite. I am constantly getting killed over and over again by Nintendo switch players. Please make Nintendo lobbies and mobile lobbies separate, Please."
jake masterðŸ˜ŽðŸ˜€ðŸ¤‘,4,I love the game but it takes forever to load thatâ€™s like my only problem
1234567891011937,5,I hate all the updates so if you could please change that I would play way more often!! Thank you!
Candelariasj,5,Fortnite is my favorite game that has came out. But on mobile fortnite starts to lag after 3 games. Also all the try-hards end up getting into my games. Everything is fine about fortnite itâ€™s just the lag and the weekly updates. Fortnite should have every other week updates. Also with the cars Fortnite should add school buses.
Jackson1115,5,this game is so much fun I love the new updates
udfgvbdwy8couiEGWCDF7U6Iw,5,So fun but the one thing they need is to add the drum gun :D
hdgdgdgrh,5,Itâ€™s nice
rhecranger,4,Please fix the mobile voice chat
JuanGamerYT127,5,Would you please give a helmet to the laguna starter pack.
XCÃ˜LORZX,5,I need your help! My mom says Iâ€™m spending too much time on Fortnite AND she wonâ€™t let me get v bucks! I want to get skins and I donâ€™t want to risk loosing Fortnite! Any suggestions?
hrhdhjfhfhfjhfh,3,Takes too long too update super laggy and too many tryhards which ruins the game
Reeseâš¾ï¸ðŸ€ðŸˆ,3,"First, Fortnite is a awesome game but I have 2 update it 24 7 and it takes F O R E V E R but if you play a lot you might be alright so you donâ€™t have 5 updates and it takes 5 hours! I suggest to play on ps4,Xbox one, nentindo switch, or pc if you want to play for more time. Hope I helped you a little bitðŸ˜Š"
Fun and popular game reviews,5,"Fortnite isnt just your typical game. ITâ€™S THE BEST GAME! From multiplayer to solo, the fun never ends! It may not be the most realistic game ever, but any mode you play in, it will be fun!"
EmmaEmilyElla,5,It was decent but I just hate how you must have to update it which is kinda boring and annoying sometimes also it takes most of your storage by all the updating!
Hdhejdneneje,1,Do this is trash never play it is garbage
Superboy1379,4,"Make voice chat work again please, like ASAP! But, great game though."
lol yonoubuhdewbuyquztwf,5,Iâ€™m want a skin plz I will get you my hole school to play if you give me a rare skin
ksoltow,4,"I love the game, but what happened to mobile mics and are they coming back"
h bxnnsd,1,Donâ€™t ever download this game it is trash new update is garbage
Sombirrobot,4,Ok
hfbsnd,4,I love this game I really do. But the game wastes too much storage .Fortnite is the only game I have
Achylist,5,"This game is so awesome and I have even though you can lag some times you can make new friends to play with and you can get amazing skins to play with and you can also change your skin it can be by choice if you want that skin or not it is all you and the Fortnite map keeps on changing throughout the days so if you like a place it mite change and you mite like it even more, letâ€™s say like Loot Lake it has really changed over time and more thing are going to change throughout life"
Skydog0203,5,"This game is one of the best games I have seen in a while, because the quality of it is amazing."
wolf beast 800,5,I love season 8 Iâ€™m tear 47 the banana skin Peely Iâ€™ve been playing since season 1 and I love Fortnite itâ€™s the best game ever.
Kyrireviews,5,Fortnite is stupid
Buxoy,5,"This is the best game ever I,m so attracted to this game itâ€™s way better than apex legends now"
flaming torche,2,Itâ€™s a good game but the updates are making me upset I updated them three times but it keeps saying I have to update it. So itâ€™s a  a okay game. Iâ€™m back from an edit and right now and fornite is making me update it and itâ€™s taking a lot of time right now so I don think you should play this game on mobile
Rameshny,5,Iâ€™m just going to say WOW!!!!! This game is so awesome and addictive that I wish I started on season 1. This rate should be â€œEâ€ instead of â€œTâ€. Maybe in season 25 should end and start over because  it collides by John wick and comes back to season 1.
Kyle Milosipher,1,The boy are too hard for Mobile players and should be easy kills
Ahnselmman,5,I hate this game
BVxSmasher,1,Mics doesnâ€™t work itâ€™s not worth downloading
Dsalaz02,1,Seriously ! Over a 2 weeks and the Mics for IOS still havenâ€™t been fixed. Also remove switch players from mobile. Not the same platform! Thus making this game unfair. If itâ€™s not fixed Iâ€™m asking Apple / ITunes to refund me all my money spent on Vbucks. ðŸ˜¤
oeyshdixhdhevxhziu82735,5,"This is the absolute best app ever and is so much fun. There is just a few problems. I donâ€™t want to be the Mobil player to complain about losing but the lobbies are a lot harder. I would say I am a decent player and can still get wins not most people with a low win rate makes it that harder. Also is there a way you can get back on an account without the password or email. Other than that it is one of the best games ever. Love you epic and great job.

-Waffle lover 22"
cndjhcfuhcu,5,I donâ€™t care if the graphics are bad the game is amazing
gfgfyffy,5,What are the cracks on the map for
MassiveMastiff84,5,I donâ€™t even name how to say this but Fortnite is the best but the updates why so long? Canâ€™t you make it any shorter it takes about one to two hours to load in when I update it. Thatâ€™s the only thing that I have trouble with on this game ever thing else is awesome I really do suggest Fortnite to people who play video games!!â£ï¸â¤ï¸
Silverultra1,5,BOI Apex better watch out because this gameðŸ”¥
cmr123x,5,Pretty good
Elifeiwell,5,I have been playing since the first day moble launched I am pretty good at it.you need good WiFi to pay so I recommend xfinty wifi very stable and good for this game
ttvluckyshots,5,Best game
good but kinda bad,5,The game is good and all but it lags and I hate when that happens but I know thatâ€™s its trying to connect to 100 people anyway the game is good awesome and stuff but one thing...it crashes a lot so can you fix that please thanks and great game!
Double HQ,5,It takes a long time for it to download and it takes a lot of Wifi but itâ€™s a AMZING GAME
like the gome,5,This game is Beter than pub g
thinks i dont like,5,Whenever I go to my aunties house we live right next to each other and whenever I go to my aunties house my WiFi disconnection and one time I was playing with my cousin and there was ONLY 2 people left and it disconnected. And pls pls fix the glitches on mobile because when I do death runs I will get on the thing and then I die when I donâ€™t even move so pls and thank u if u fix these problems
purplestardahbest,4,"I noticed that on mobile sometimes you get thrown out of the game while playing And it crashes. But I find the game really fun I do think there should be more challenges to get more stuff but I think epic games to their all-around great job with Fortnite

Except for when you forget ur password"
baby sharks,4,One problem I have it is so laggy if you can please fix this problem I will enjoy it more.
fluhtrdedfgbhuygvb,4,It ALWAYS updates and I absolutely HATE THAT so yeah but the game is good.
Hehendndn,5,To be completely honest itâ€™s the best game Iâ€™ve ever played
Denniseach,4,I like this game because you can have teams and you can battle each other. What Iâ€™m not so sure that I like is that people can build on your forts that you make and that you can go throw the walls when you shoot yourself in a cannon other than that itâ€™s pretty good I like play grounds because you find a lot of llamas but sometimes thereâ€™s not a lot of good loot in all of them
FrEeLWilly915,1,"This game still crashes, please fix it. I enjoy the concept but it just crashes. My WiFi is is not the problem bc the game runs perfectly fine on pc and on the ps4."
have joy1243 y,5,"This is a great game and I enjoyed it very much. It is a whimsical 3rd person shooter that got me caught on to it. One criticism is that I would limit the lag a little. Every couple of steps I take it lags. Again, great game. Love it."
rootjay11232,1,Moooore
daerkdark,5,There r no voice chat for mobile plz fix it so i can talk to my friends
KennedyCool,4,Why does it have so many updates?
Certified Epic Gamer,5,"I know people are getting mad for building controls or whatever but keep in mind itâ€™s pretty difficult to make a game that was meant for controllers and keyboards go onto mobile.
-
-
-
With that out of the way great game Epic! Iâ€™ve played since late S2 and you guys keep getting new ideas every season that make the game better! There is always something you guys do to bring me back, and I donâ€™t know if itâ€™s some sort of game-dev superpower but it definitely works! Plus, you know how to make the community happy and coming back.
-
-
-
Anyway, great game!
5 stars ðŸ˜"
TheeLightBearer,3,"UPDATES!!! Jesus itâ€™s like thereâ€™s an update for it everyday and itâ€™s not as simple as just updating the app ðŸ˜’ you need to update the app normally, then open the app and download it AGAIN! THEN you need to install the update! Itâ€™s a lot of waiting especially for us working folk who arenâ€™t home or around WiFi all the time. Hell thats the whole point of mobile is for people who arenâ€™t home all the time so how about calm down with the updates? Everyday I get to work an hour early and right now Iâ€™m stuck updating it even though I updated two days ago. Good lord. When youâ€™re playing it though itâ€™s flawless and even looks better than the base PS4 and Xbox One versions of the game. Runs even better than the switch version. Amazing mobile port, too many updates."
brockster&1522,5,It is great and can you plz add base ball skins to the game
